{"stat.useItem.2257":2,"stat.leaveGame":6,"stat.breakItem.257":1,"stat.useItem.2256":2,"stat.mineBlock.14":39,"stat.mineBlock.16":24,"stat.mineBlock.15":74,"stat.killEntity.PigZombie":9,"stat.mineBlock.18":3,"stat.mineBlock.17":19,"stat.jump":1504,"stat.swimOneCm":79911,"stat.climbOneCm":12396,"stat.fallOneCm":28029,"achievement.exploreAllBiomes":{"value":0,"progress":["Beach","Stone Beach","Extreme Hills+","Forest","River","Ocean","Plains","Taiga","Extreme Hills","Hell","Deep Ocean"]},"stat.useItem.295":160,"stat.boatOneCm":185978,"stat.craftItem.5":92,"stat.damageTaken":2750,"stat.mineBlock.4":14,"stat.mineBlock.5":5,"stat.mineBlock.3":9,"stat.mineBlock.1":242,"stat.flyOneCm":12324,"stat.useItem.50":108,"stat.damageDealt":4155,"stat.useItem.58":1,"stat.walkOneCm":1756672,"stat.craftItem.266":16,"stat.craftItem.267":2,"stat.animalsBred":16,"stat.craftItem.258":1,"stat.useItem.283":13,"stat.mineBlock.58":1,"stat.craftItem.256":1,"stat.craftItem.257":2,"achievement.mineWood":17,"stat.killEntity.Squid":2,"stat.mineBlock.50":15,"stat.killEntity.Skeleton":4,"stat.useItem.256":8,"stat.useItem.258":92,"stat.useItem.257":408,"achievement.openInventory":44,"stat.killEntity.Chicken":3,"stat.craftItem.280":60,"stat.killEntity.Spider":2,"stat.mobKills":23,"stat.mineBlock.21":5,"stat.mineBlock.38":12,"stat.mineBlock.37":2,"stat.deaths":1,"stat.useItem.267":58,"stat.drop":114,"stat.playOneMinute":204661,"stat.craftItem.50":132,"stat.useItem.4":112,"stat.useItem.5":5,"stat.killEntity.Zombie":1,"stat.craftItem.306":1,"stat.useItem.391":28,"stat.craftItem.307":1,"stat.diveOneCm":27973,"stat.mineBlock.31":3,"stat.craftItem.308":1,"stat.craftItem.309":1}