{"stat.leaveGame":24,"stat.killEntity.Blaze":15,"stat.mineBlock.14":15,"stat.mineBlock.13":162,"stat.mineBlock.16":242,"stat.mineBlock.15":284,"stat.mineBlock.18":164,"stat.killEntity.PigZombie":57,"stat.mineBlock.17":411,"stat.mineBlock.12":237,"achievement.diamonds":6,"stat.mineBlock.112":164,"stat.mineBlock.113":2,"achievement.buildPickaxe":24,"stat.killEntity.Witch":3,"achievement.buildBetterPickaxe":24,"stat.mineBlock.126":5,"stat.mineBlock.129":4,"achievement.breedCow":22,"stat.mineBlock.175":38,"achievement.mineWood":392,"stat.useItem.86":7,"stat.useItem.87":554,"stat.useItem.88":10,"stat.useItem.89":388,"stat.useItem.85":1348,"achievement.openInventory":1243,"stat.useItem.81":27,"stat.useItem.97":21,"stat.useItem.98":773,"stat.deaths":3,"stat.useItem.96":6,"stat.playOneMinute":2439508,"stat.fishCaught":2,"stat.useItem.2257":2,"stat.useItem.2256":1,"stat.killEntity.Ghast":13,"stat.useItem.401":120,"stat.fallOneCm":166723,"achievement.killCow":34,"stat.craftItem.1":7,"stat.craftItem.5":2212,"stat.killEntity.LavaSlime":5,"stat.minecartOneCm":351409,"achievement.portal":17,"stat.useItem.6":37,"achievement.acquireIron":21,"stat.useItem.1":359,"stat.useItem.4":3032,"stat.useItem.5":6030,"stat.useItem.3":5170,"stat.useItem.351":245,"stat.useItem.355":34,"stat.useItem.113":263,"stat.useItem.112":196,"stat.craftItem.102":144,"stat.useItem.356":179,"stat.craftItem.61":2,"stat.craftItem.65":63,"stat.useItem.362":66,"stat.useItem.361":122,"stat.swimOneCm":433268,"stat.useItem.126":1039,"stat.craftItem.333":11,"stat.climbOneCm":159625,"stat.craftItem.72":8,"achievement.buildWorkBench":18,"stat.craftItem.324":15,"stat.craftItem.325":3,"achievement.exploreAllBiomes":{"value":0,"progress":["Roofed Forest M","ForestHills","Roofed Forest","Birch Forest","Plains","TaigaHills","Beach","Stone Beach","Extreme Hills+","Forest","River","Ocean","Taiga","Desert","Extreme Hills","Swampland","Deep Ocean","Hell","Savanna"]},"stat.craftItem.361":56,"stat.useItem.331":1070,"stat.craftItem.364":3,"stat.craftItem.366":1,"stat.craftItem.85":246,"stat.useItem.338":1101,"stat.mineBlock.4":27,"stat.mineBlock.5":191,"stat.mineBlock.3":1339,"stat.mineBlock.1":1429,"stat.mineBlock.6":1,"stat.flyOneCm":9043939,"stat.craftItem.351":75,"stat.useItem.102":792,"stat.useItem.101":237,"stat.craftItem.355":3,"stat.useItem.103":24,"stat.useItem.106":321,"stat.useItem.108":551,"stat.useItem.107":82,"stat.craftItem.107":8,"stat.breakItem.291":1,"stat.craftItem.20":72,"stat.killEntity.Creeper":15,"stat.useItem.324":93,"stat.useItem.323":261,"stat.useItem.328":9,"stat.entityKilledBy.Skeleton":1,"achievement.buildSword":6,"stat.killEntity.Squid":1,"stat.craftItem.320":22,"stat.breakItem.272":1,"stat.breakItem.271":1,"stat.craftItem.323":24,"stat.breakItem.274":2,"stat.breakItem.273":3,"stat.breakItem.275":1,"achievement.killEnemy":208,"achievement.buildFurnace":2,"stat.craftItem.58":17,"stat.drop":162,"stat.craftItem.53":32,"stat.craftItem.50":296,"stat.killEntity.Sheep":26,"stat.craftItem.54":22,"stat.killEntity.Zombie":49,"stat.diveOneCm":452304,"stat.useItem.65":390,"stat.useItem.66":21,"stat.useItem.67":8,"stat.useItem.61":121,"achievement.buildHoe":3,"stat.breakItem.256":3,"stat.breakItem.258":1,"stat.breakItem.257":7,"stat.mineBlock.81":3,"stat.mineBlock.85":17,"stat.mineBlock.87":14,"stat.mineBlock.86":37,"stat.useItem.69":28,"stat.mineBlock.88":10,"stat.useItem.76":414,"stat.useItem.77":13,"stat.craftItem.297":122,"stat.useItem.72":85,"stat.jump":13354,"stat.useItem.70":36,"stat.craftItem.291":1,"stat.craftItem.292":2,"achievement.makeBread":244,"stat.useItem.175":8,"stat.useItem.295":959,"stat.useItem.44":1050,"stat.useItem.45":486,"stat.boatOneCm":466614,"achievement.blazeRod":4,"stat.damageTaken":21720,"stat.mineBlock.61":5,"stat.mineBlock.65":1,"stat.useItem.46":89,"stat.useItem.47":124,"stat.mineBlock.66":16,"stat.useItem.49":1250,"stat.useItem.53":253,"stat.useItem.54":314,"stat.useItem.50":1665,"stat.entityKilledBy.Zombie":1,"stat.damageDealt":31465,"stat.killEntity.Cow":44,"stat.mineBlock.72":4,"stat.killEntity.Pig":7,"stat.mineBlock.73":65,"stat.useItem.58":81,"stat.mineBlock.78":17,"stat.useItem.274":343,"stat.useItem.20":646,"stat.useItem.273":397,"stat.craftItem.262":60,"stat.mineBlock.46":5,"stat.useItem.276":8,"stat.useItem.275":132,"stat.useItem.23":15,"stat.walkOneCm":13157387,"stat.craftItem.265":174,"stat.craftItem.267":2,"stat.animalsBred":41,"stat.useItem.159":285,"stat.craftItem.258":3,"stat.craftItem.259":1,"stat.useItem.29":57,"stat.useItem.24":1687,"stat.useItem.160":12,"stat.useItem.25":55,"stat.useItem.27":1109,"stat.mineBlock.58":11,"stat.useItem.33":177,"stat.craftItem.256":7,"stat.craftItem.257":11,"stat.useItem.30":136,"stat.mineBlock.102":23,"stat.mineBlock.50":129,"stat.craftItem.126":96,"stat.mineBlock.54":10,"stat.useItem.292":226,"stat.useItem.35":2985,"stat.useItem.171":7,"stat.useItem.291":169,"stat.mineBlock.53":2,"stat.useItem.37":14,"stat.mineBlock.56":6,"stat.useItem.294":409,"stat.useItem.38":42,"stat.useItem.293":627,"stat.mineBlock.24":61,"stat.useItem.372":36,"stat.killEntity.Skeleton":38,"stat.useItem.256":1052,"stat.useItem.258":463,"stat.useItem.257":2066,"stat.useItem.139":27,"stat.useItem.259":326,"stat.killEntity.Chicken":35,"stat.craftItem.280":1084,"stat.killEntity.Spider":13,"stat.mobKills":331,"stat.mineBlock.21":16,"stat.mineBlock.20":6,"stat.craftItem.272":2,"stat.craftItem.273":3,"stat.useItem.383":22,"stat.mineBlock.35":11,"stat.craftItem.274":5,"stat.mineBlock.38":2,"stat.mineBlock.37":9,"stat.craftItem.275":1,"stat.useItem.12":461,"stat.useItem.143":4,"stat.useItem.267":210,"stat.useItem.146":39,"stat.mineBlock.39":2,"stat.useItem.145":3,"stat.useItem.389":1,"stat.craftItem.271":1,"stat.useItem.17":1240,"stat.mineBlock.30":1,"stat.useItem.391":137,"stat.useItem.13":21,"stat.mineBlock.31":431,"stat.useItem.390":85,"stat.useItem.272":239,"stat.useItem.151":17,"stat.useItem.271":61,"stat.useItem.392":88}