{"stat.walkOneCm":132302,"stat.craftItem.267":1,"stat.leaveGame":2,"stat.mineBlock.18":1,"stat.jump":372,"stat.swimOneCm":21463,"stat.craftItem.257":1,"stat.fallOneCm":11926,"stat.climbOneCm":1930,"achievement.exploreAllBiomes":{"value":0,"progress":["Beach","ForestHills","Stone Beach","Extreme Hills+","Forest","River","Ocean","Plains","Extreme Hills"]},"achievement.openInventory":1,"stat.craftItem.280":4,"stat.damageTaken":870,"stat.mobKills":1,"stat.flyOneCm":2983,"stat.deaths":1,"stat.playOneMinute":18432,"stat.damageDealt":360,"stat.killEntity.Pig":1,"stat.craftItem.306":1,"stat.diveOneCm":1917,"stat.craftItem.307":1,"stat.useItem.272":5,"stat.craftItem.308":1,"stat.craftItem.309":1}