{"stat.flyOneCm":807,"stat.killEntity.Skeleton":2,"stat.mineBlock.37":1,"stat.walkOneCm":43945,"stat.mineBlock.18":1,"stat.jump":50,"stat.swimOneCm":7747,"stat.playOneMinute":6030,"achievement.openInventory":1,"stat.fallOneCm":335,"stat.leaveGame":1,"stat.damageTaken":340,"stat.killEntity.Spider":1,"stat.damageDealt":1230,"stat.mineBlock.175":7,"stat.killEntity.Zombie":1,"stat.mobKills":7,"stat.killEntity.Pig":2,"achievement.exploreAllBiomes":{"value":0,"progress":["Beach","Forest","River","Ocean"]},"stat.killEntity.Creeper":1,"stat.mineBlock.31":2,"stat.useItem.272":32}