{"stat.leaveGame":16,"stat.killEntity.Blaze":1,"stat.mineBlock.14":19,"stat.mineBlock.13":41,"stat.mineBlock.16":415,"stat.mineBlock.15":143,"stat.mineBlock.18":41,"stat.killEntity.PigZombie":20,"stat.mineBlock.17":168,"stat.mineBlock.12":150,"stat.killEntity.Enderman":2,"achievement.buildPickaxe":8,"stat.killEntity.Witch":1,"achievement.buildBetterPickaxe":8,"achievement.breedCow":35,"stat.mineBlock.175":2,"achievement.mineWood":159,"stat.useItem.86":11,"stat.useItem.88":184,"stat.useItem.84":2,"achievement.openInventory":429,"stat.useItem.80":8,"stat.deaths":3,"stat.playOneMinute":1055599,"stat.useItem.2257":11,"stat.useItem.2256":1,"stat.fallOneCm":48799,"achievement.killCow":2,"stat.craftItem.400":168,"stat.craftItem.5":140,"stat.killEntity.LavaSlime":3,"stat.minecartOneCm":103092,"stat.useItem.4":97,"stat.useItem.5":19,"stat.useItem.3":384,"stat.craftItem.340":31,"stat.useItem.355":1,"stat.useItem.354":5,"stat.craftItem.102":32,"stat.useItem.116":1,"stat.craftItem.61":4,"stat.craftItem.339":129,"stat.useItem.361":44,"stat.swimOneCm":267304,"stat.craftItem.333":6,"stat.climbOneCm":64119,"stat.craftItem.72":4,"achievement.buildWorkBench":3,"stat.craftItem.325":1,"achievement.exploreAllBiomes":{"value":0,"progress":["Roofed Forest M","ForestHills","Roofed Forest","Plains","TaigaHills","Beach","Stone Beach","Extreme Hills+","Forest","River","Ocean","Taiga","Extreme Hills","Swampland","Deep Ocean","Hell"]},"stat.craftItem.361":12,"stat.craftItem.364":22,"stat.useItem.338":104,"stat.craftItem.84":1,"stat.mineBlock.4":7,"stat.mineBlock.5":5,"stat.mineBlock.3":792,"stat.mineBlock.1":907,"stat.craftItem.80":8,"stat.craftItem.116":1,"stat.craftItem.359":1,"stat.flyOneCm":476924,"stat.craftItem.353":210,"stat.craftItem.354":5,"stat.craftItem.91":7,"stat.killEntity.Bat":1,"stat.craftItem.20":36,"stat.killEntity.Creeper":3,"stat.useItem.324":6,"stat.breakItem.283":1,"stat.useItem.328":1,"stat.entityKilledBy.Skeleton":2,"achievement.buildSword":11,"stat.killEntity.Squid":2,"stat.craftItem.47":7,"stat.breakItem.270":1,"stat.breakItem.274":5,"stat.breakItem.273":6,"stat.craftItem.42":9,"stat.breakItem.275":1,"achievement.killEnemy":65,"stat.craftItem.58":3,"stat.drop":185,"stat.craftItem.50":152,"stat.breakItem.267":1,"stat.craftItem.54":6,"stat.killEntity.Zombie":36,"stat.craftItem.306":4,"stat.diveOneCm":164563,"stat.craftItem.307":4,"stat.craftItem.308":4,"stat.craftItem.309":5,"stat.useItem.61":4,"achievement.buildHoe":1,"stat.breakItem.256":1,"stat.breakItem.257":3,"stat.mineBlock.85":12,"stat.mineBlock.84":1,"stat.mineBlock.87":80,"stat.mineBlock.86":247,"stat.mineBlock.88":253,"stat.craftItem.297":20,"stat.useItem.72":4,"stat.jump":4735,"stat.craftItem.291":2,"stat.craftItem.292":1,"stat.useItem.42":9,"stat.useItem.175":14,"stat.useItem.295":1577,"stat.useItem.44":194,"stat.boatOneCm":232680,"stat.damageTaken":14860,"stat.mineBlock.61":1,"stat.useItem.47":7,"stat.mineBlock.66":112,"stat.useItem.49":16,"stat.useItem.53":543,"stat.useItem.54":6,"stat.useItem.50":114,"stat.damageDealt":25930,"stat.killEntity.Silverfish":1,"stat.killEntity.Cow":1,"stat.killEntity.Pig":6,"stat.mineBlock.73":23,"stat.useItem.58":3,"stat.mineBlock.78":108,"stat.useItem.274":775,"stat.useItem.273":798,"stat.mineBlock.49":22,"stat.useItem.275":353,"stat.walkOneCm":8149523,"stat.craftItem.265":252,"stat.useItem.278":141,"stat.craftItem.266":26,"stat.craftItem.145":1,"stat.animalsBred":145,"stat.craftItem.267":11,"stat.useItem.29":2,"stat.mineBlock.42":5,"stat.useItem.283":27,"stat.mineBlock.44":3,"stat.mineBlock.58":1,"stat.craftItem.256":1,"stat.craftItem.257":5,"stat.mineBlock.103":14,"stat.mineBlock.102":1,"stat.mineBlock.50":29,"stat.mineBlock.106":1,"stat.mineBlock.54":1,"stat.useItem.292":3,"stat.useItem.291":173,"stat.mineBlock.53":39,"stat.mineBlock.56":6,"stat.useItem.372":503,"stat.killEntity.Skeleton":11,"stat.useItem.256":251,"stat.mineBlock.29":2,"stat.useItem.258":39,"stat.useItem.257":887,"stat.killEntity.Chicken":10,"stat.craftItem.280":96,"stat.killEntity.Spider":7,"stat.mobKills":106,"stat.mineBlock.21":11,"stat.craftItem.272":2,"stat.craftItem.273":6,"stat.craftItem.274":5,"stat.mineBlock.38":9,"stat.craftItem.275":4,"stat.useItem.12":95,"stat.mineBlock.37":5,"stat.useItem.267":467,"stat.mineBlock.39":17,"stat.craftItem.278":2,"stat.craftItem.270":1,"stat.mineBlock.30":150,"stat.useItem.270":60,"stat.useItem.391":229,"stat.useItem.13":2,"stat.mineBlock.31":114,"stat.useItem.272":145,"stat.useItem.392":178}