{"stat.craftItem.340":9,"stat.leaveGame":6,"stat.craftItem.339":183,"stat.mineBlock.18":26,"stat.mineBlock.17":175,"stat.swimOneCm":98365,"stat.craftItem.333":3,"stat.climbOneCm":40357,"achievement.buildWorkBench":2,"achievement.exploreAllBiomes":{"value":0,"progress":["Beach","ForestHills","Extreme Hills+","Forest","River","Ocean","Plains","Taiga","Extreme Hills","Hell","Deep Ocean"]},"stat.mineBlock.12":2,"stat.craftItem.364":45,"stat.craftItem.366":7,"stat.craftItem.85":24,"stat.useItem.338":57,"stat.mineBlock.4":15,"stat.mineBlock.5":1,"stat.mineBlock.3":37,"stat.mineBlock.1":154,"stat.flyOneCm":338664,"stat.useItem.102":27,"achievement.buildPickaxe":2,"stat.useItem.107":1,"achievement.buildBetterPickaxe":2,"stat.craftItem.107":1,"achievement.breedCow":5,"stat.mineBlock.175":1,"stat.useItem.328":1,"achievement.buildSword":2,"achievement.mineWood":168,"stat.killEntity.Squid":2,"stat.craftItem.47":3,"stat.craftItem.320":1,"stat.useItem.85":17,"stat.breakItem.274":1,"achievement.openInventory":90,"stat.breakItem.275":1,"stat.useItem.98":1,"stat.craftItem.58":3,"stat.deaths":4,"stat.drop":81,"stat.playOneMinute":334003,"stat.killEntity.Sheep":5,"stat.diveOneCm":63669,"achievement.buildHoe":2,"stat.breakItem.257":1,"stat.craftItem.297":37,"stat.jump":2140,"stat.fallOneCm":34750,"stat.craftItem.291":2,"achievement.killCow":16,"achievement.makeBread":37,"stat.mineBlock.98":1,"stat.useItem.175":2,"stat.useItem.295":394,"stat.useItem.44":508,"stat.boatOneCm":67188,"stat.craftItem.5":100,"stat.damageTaken":5500,"stat.useItem.47":3,"stat.useItem.50":2,"stat.entityKilledBy.Zombie":1,"stat.damageDealt":9160,"stat.killEntity.Cow":39,"stat.killEntity.Pig":1,"stat.useItem.58":3,"stat.mineBlock.78":4,"stat.useItem.274":161,"stat.useItem.273":34,"stat.useItem.275":190,"stat.walkOneCm":2324003,"stat.craftItem.267":1,"stat.animalsBred":42,"stat.minecartOneCm":62374,"stat.mineBlock.44":11,"stat.craftItem.256":1,"stat.craftItem.257":2,"stat.mineBlock.50":1,"stat.useItem.291":2,"stat.useItem.38":6,"stat.useItem.256":1,"stat.useItem.257":27,"stat.killEntity.Chicken":46,"stat.craftItem.280":124,"stat.mobKills":93,"stat.craftItem.272":2,"stat.craftItem.273":1,"stat.craftItem.274":4,"stat.useItem.6":2,"stat.mineBlock.38":5,"stat.craftItem.275":4,"stat.useItem.12":2,"stat.useItem.267":62,"stat.mineBlock.39":9,"stat.useItem.4":126,"stat.useItem.3":1,"stat.craftItem.269":1,"stat.mineBlock.31":157,"stat.useItem.272":82}