{"stat.useItem.274":7,"stat.walkOneCm":230258,"stat.leaveGame":5,"stat.mineBlock.86":23,"stat.useItem.361":1,"stat.craftItem.297":9,"stat.mineBlock.18":2,"stat.killEntity.PigZombie":1,"stat.jump":251,"stat.swimOneCm":3611,"stat.fallOneCm":886,"stat.climbOneCm":20606,"stat.entityKilledBy.PigZombie":1,"achievement.exploreAllBiomes":{"value":0,"progress":["ForestHills","Beach","Extreme Hills+","Forest","River","Ocean","Plains","Taiga","Extreme Hills","Hell"]},"stat.mineBlock.12":2,"stat.useItem.295":36,"stat.killEntity.Skeleton":1,"achievement.openInventory":10,"stat.damageTaken":950,"stat.killEntity.Spider":1,"stat.mobKills":4,"stat.flyOneCm":2472,"stat.useItem.12":2,"stat.deaths":2,"stat.useItem.267":10,"stat.drop":1,"stat.playOneMinute":47788,"stat.entityKilledBy.Zombie":1,"stat.useItem.3":1,"stat.damageDealt":1140,"stat.killEntity.Zombie":1,"stat.craftItem.306":1,"stat.diveOneCm":3011,"stat.craftItem.307":1,"stat.useItem.272":12,"stat.craftItem.308":1,"stat.craftItem.309":1}