{"stat.useItem.355":1,"stat.leaveGame":8,"stat.mineBlock.14":8,"stat.useItem.362":4,"stat.mineBlock.13":5,"stat.mineBlock.16":83,"stat.mineBlock.15":81,"stat.mineBlock.18":19,"stat.killEntity.PigZombie":14,"stat.mineBlock.17":107,"stat.swimOneCm":137020,"stat.climbOneCm":55222,"achievement.buildWorkBench":2,"stat.entityKilledBy.PigZombie":1,"achievement.exploreAllBiomes":{"value":0,"progress":["ForestHills","Plains","TaigaHills","Beach","Stone Beach","Extreme Hills+","Forest","River","Ocean","Taiga","Desert","Extreme Hills","Deep Ocean","Hell"]},"stat.mineBlock.12":301,"stat.craftItem.364":3,"stat.useItem.338":2,"stat.mineBlock.4":1,"stat.mineBlock.5":2,"stat.mineBlock.3":499,"stat.mineBlock.1":232,"stat.flyOneCm":934501,"stat.craftItem.355":1,"achievement.buildPickaxe":1,"achievement.buildBetterPickaxe":1,"stat.craftItem.20":99,"stat.mineBlock.175":2,"stat.killEntity.Creeper":3,"stat.useItem.323":8,"stat.useItem.328":4,"stat.entityKilledBy.Skeleton":1,"achievement.mineWood":113,"stat.killEntity.Squid":2,"stat.useItem.88":1,"achievement.openInventory":174,"stat.mineBlock.153":10,"stat.craftItem.58":2,"stat.deaths":3,"stat.drop":43,"stat.playOneMinute":546992,"stat.killEntity.Sheep":3,"stat.breakItem.269":1,"stat.killEntity.Zombie":8,"stat.diveOneCm":275951,"stat.breakItem.256":3,"stat.breakItem.257":2,"stat.mineBlock.81":1,"stat.mineBlock.87":122,"stat.mineBlock.86":19,"stat.mineBlock.89":26,"stat.mineBlock.88":1,"stat.jump":7308,"stat.fallOneCm":150185,"stat.mineBlock.97":1,"stat.useItem.295":185,"stat.boatOneCm":308226,"stat.craftItem.5":52,"stat.damageTaken":10365,"stat.mineBlock.66":61,"stat.useItem.50":13,"stat.damageDealt":10380,"stat.killEntity.Silverfish":1,"stat.killEntity.Cow":4,"stat.mineBlock.73":4,"stat.useItem.58":3,"stat.useItem.274":28,"stat.useItem.275":45,"stat.walkOneCm":3619217,"stat.craftItem.265":131,"stat.useItem.278":61,"stat.craftItem.266":20,"stat.minecartOneCm":142201,"stat.useItem.283":13,"stat.mineBlock.58":3,"stat.craftItem.256":1,"stat.craftItem.257":1,"stat.useItem.39":1,"stat.mineBlock.50":9,"stat.mineBlock.56":12,"stat.killEntity.Skeleton":5,"stat.useItem.256":527,"stat.useItem.258":104,"stat.useItem.257":503,"stat.craftItem.280":24,"stat.killEntity.Spider":1,"stat.mobKills":41,"stat.craftItem.274":1,"stat.useItem.12":85,"stat.useItem.267":139,"stat.mineBlock.39":4,"stat.useItem.269":60,"stat.useItem.4":31,"stat.useItem.5":34,"stat.useItem.3":147,"stat.entityKilledBy.Blaze":1,"stat.useItem.17":3,"stat.craftItem.269":1,"stat.useItem.391":86,"stat.mineBlock.31":55}